,index,Primary_applicant_age_in_years,Gender,Marital_status,Housing,Employed_for_at_least_years,Foreign_worker,SA_balance_type,Months_loan_taken_for,Purpose,Principal_loan_amount,EMI_rate_in_percentage_of_disposable_income,Property,Has_coapplicant,Has_guarantor,Number_of_existing_loans_at_this_bank,high_risk_applicant
0,0,67,1,3,1,7,1,3,6,5,1169000,4,3,0,0,2,0
1,1,22,0,1,1,1,1,1,48,5,5951000,2,3,0,0,1,1
2,2,49,1,3,1,4,1,1,12,4,2096000,2,3,0,0,1,0
3,4,53,1,3,0,1,1,1,24,6,4870000,3,0,0,0,2,1
4,6,53,1,3,1,7,1,0,24,0,2835000,3,1,0,0,1,0
5,7,35,1,3,2,1,1,1,36,8,6948000,2,2,0,0,1,0
6,8,61,1,0,1,4,1,4,12,5,3059000,2,3,0,0,1,0
7,9,28,1,2,1,0,1,1,30,6,5234000,4,2,0,0,2,1
8,10,25,0,1,2,0,1,1,12,6,1295000,3,2,0,0,1,1
9,11,24,0,1,2,0,1,1,48,1,4308000,3,1,0,0,1,1
10,12,22,0,1,1,1,1,1,12,5,1567000,1,2,0,0,1,0
11,13,60,1,3,1,7,1,1,24,6,1199000,4,2,0,0,2,1
12,14,28,0,1,2,1,1,1,15,6,1403000,2,2,0,0,1,0
13,15,32,0,1,1,1,1,2,24,5,1282000,4,2,0,0,1,1
14,16,53,1,3,1,7,1,3,24,5,2424000,4,1,0,0,2,0
15,19,31,1,3,1,7,1,0,24,5,3430000,3,2,0,0,1,0
16,20,48,1,3,1,1,1,1,9,6,2134000,4,2,0,0,3,0
17,21,44,1,3,2,1,1,0,6,5,2647000,2,3,0,0,1,0
18,22,48,1,3,2,0,0,1,10,6,2241000,1,3,0,0,2,0
19,23,44,1,3,1,0,1,2,12,8,1804000,3,1,0,0,1,0
20,24,26,1,2,1,1,0,3,10,0,2069000,2,2,0,0,2,0
21,25,36,1,3,1,1,1,1,6,0,1374000,1,3,0,0,1,0
22,26,39,1,2,1,7,1,1,6,5,426000,4,2,0,0,1,0
23,27,42,0,1,2,1,1,4,12,5,409000,3,3,0,0,2,0
24,28,34,1,3,1,1,1,1,7,5,2415000,3,3,0,1,1,0
25,29,63,1,3,1,7,1,1,60,1,6836000,3,0,0,0,2,1
26,30,36,1,2,1,0,1,4,18,1,1913000,3,3,0,0,1,0
27,31,27,1,3,1,1,1,1,24,0,4020000,2,2,0,0,1,0
28,32,30,1,3,1,1,1,2,18,6,5866000,2,2,0,0,2,0
29,33,57,1,3,2,7,1,3,12,1,1264000,4,0,0,0,1,0
30,34,33,0,1,1,0,1,1,12,0,1474000,4,1,0,0,1,0
31,35,25,1,3,1,0,1,1,45,5,4746000,4,1,0,0,2,1
32,36,31,1,3,0,1,1,1,48,4,6110000,1,0,0,0,1,0
33,37,37,1,3,1,1,1,1,18,5,2100000,4,3,1,0,1,1
34,38,37,1,3,1,1,1,1,10,3,1225000,2,2,0,0,1,0
35,39,24,1,3,1,1,1,1,9,5,458000,4,3,0,0,1,0
36,40,30,1,3,1,7,1,0,30,5,2333000,4,2,0,0,1,0
37,41,26,1,0,1,1,1,0,12,5,1158000,3,2,0,0,1,0
38,42,44,1,3,1,1,1,1,18,7,6204000,2,3,0,0,1,0
39,43,24,1,2,2,4,1,2,30,8,6187000,1,2,0,0,2,0
40,44,58,0,1,0,7,1,1,48,8,6143000,4,0,0,0,2,1
41,45,35,0,1,1,0,1,1,11,6,1393000,4,2,0,0,2,0
42,46,39,1,3,1,7,1,0,36,5,2299000,4,2,0,0,1,0
43,47,23,0,1,2,0,1,0,6,8,1352000,1,1,0,0,1,0
44,48,39,1,3,1,1,1,1,11,6,7228000,1,1,0,0,2,0
45,49,28,0,1,1,1,1,2,12,5,2073000,4,3,1,0,1,0
46,50,29,1,3,1,0,1,3,24,0,2333000,4,1,0,0,1,0
47,51,30,1,3,1,7,1,1,27,8,5965000,1,2,0,0,2,0
48,52,25,1,3,1,1,1,1,12,5,1262000,3,2,0,0,1,0
49,53,31,1,3,1,1,1,3,18,8,3378000,2,1,0,0,1,0
50,54,57,1,3,0,7,1,1,36,6,2225000,4,0,0,0,2,1
51,55,26,1,3,1,1,1,3,6,6,783000,1,3,0,1,1,0
52,56,52,1,3,1,0,1,3,12,5,6468000,2,0,0,0,1,1
53,58,23,0,1,1,7,1,1,18,6,1961000,3,2,0,0,1,0
54,59,23,0,1,2,0,1,1,36,0,6229000,4,0,1,0,2,1
55,60,27,1,2,1,1,1,1,9,1,1391000,2,3,0,0,1,0
56,61,50,1,3,1,7,1,3,15,5,1537000,4,3,0,1,2,0
57,62,61,1,3,0,7,1,1,36,1,1953000,4,0,0,0,1,1
58,64,26,0,1,1,0,1,1,24,5,3181000,4,1,0,0,1,0
59,65,48,1,3,1,7,1,3,27,7,5190000,4,1,0,0,4,0
60,66,29,0,1,1,0,1,1,12,5,2171000,2,2,0,0,1,0
61,67,22,1,2,1,1,1,4,12,6,1007000,4,3,0,0,1,0
62,68,37,1,3,0,1,1,1,36,4,1819000,4,0,0,0,1,1
63,69,25,0,1,1,1,1,3,36,5,2394000,4,2,0,0,1,0
64,71,46,1,3,2,7,1,3,7,5,730000,4,1,0,0,2,0
65,73,41,0,1,1,4,1,1,42,1,5954000,2,3,0,0,2,0
66,74,40,1,3,1,7,1,3,36,4,1977000,4,0,0,0,1,1
67,75,66,1,3,0,7,1,1,12,8,1526000,4,0,0,0,2,0
68,76,34,1,3,1,0,1,1,42,5,3965000,4,2,0,0,1,1
69,77,51,1,3,1,4,1,1,11,5,4771000,2,1,0,0,1,0
70,79,22,1,2,1,0,1,1,30,0,3832000,2,1,0,0,1,0
71,80,44,0,1,1,0,1,3,24,5,5943000,1,2,0,0,2,1
72,81,47,1,3,1,7,1,0,15,5,1213000,4,1,0,0,1,0
73,82,24,0,1,2,1,1,2,18,1,1568000,3,1,0,0,1,0
74,84,52,1,3,1,7,1,1,10,5,2315000,3,3,0,0,1,0
75,85,29,0,1,1,1,1,1,12,1,1412000,4,3,0,1,2,0
76,86,27,0,1,1,0,1,1,18,0,1295000,4,1,0,0,2,0
77,88,30,1,3,1,4,1,2,18,6,2249000,4,2,0,0,1,0
78,89,28,1,3,1,4,1,1,12,7,1108000,4,3,0,0,2,1
79,90,56,1,3,1,7,1,1,12,5,618000,4,3,0,0,1,0
80,91,54,1,3,1,7,1,1,12,8,1409000,4,3,0,0,1,0
81,92,33,0,1,1,7,1,3,12,5,797000,4,1,0,0,1,1
82,93,20,1,3,2,7,1,3,24,0,3617000,4,0,1,0,2,0
83,94,54,1,3,1,7,1,4,12,6,1318000,4,3,0,0,1,0
84,96,61,0,1,1,4,1,3,12,4,2012000,4,2,0,0,1,0
85,97,34,1,3,1,1,1,2,18,1,2622000,4,2,0,0,1,0
86,98,36,1,3,1,7,1,1,36,5,2337000,4,3,0,0,1,0
87,99,36,1,3,2,4,1,3,20,8,7057000,3,1,0,0,2,0
88,100,41,1,2,2,7,1,2,24,6,1469000,4,3,0,0,1,0
89,101,24,1,3,2,4,1,1,36,5,2323000,4,2,0,0,1,0
90,102,24,0,1,1,1,1,1,6,5,932000,3,3,0,0,1,0
91,103,35,1,3,2,4,1,1,9,0,1919000,4,2,0,0,1,0
92,104,26,1,2,2,0,1,3,12,8,2445000,2,2,0,0,1,0
93,106,39,1,3,1,7,1,1,18,6,6458000,2,0,0,0,2,1
94,107,32,1,3,1,4,1,1,12,6,6078000,2,2,0,0,1,0
95,108,30,0,1,1,0,0,3,24,0,7721000,1,1,0,0,1,0
96,109,35,1,2,1,7,1,0,14,1,1410000,1,3,0,0,1,0
97,110,31,1,0,1,7,1,2,6,1,1449000,1,2,0,0,2,0
98,111,23,0,1,2,0,1,1,15,4,392000,4,1,0,0,1,0
99,112,28,1,3,2,4,1,1,18,6,6260000,3,3,0,0,1,0
100,114,35,1,2,1,7,1,0,12,5,1680000,3,3,0,0,1,0
101,115,47,1,3,1,7,1,3,48,5,3578000,4,3,0,0,1,0
102,116,30,0,1,1,4,1,3,42,5,7174000,4,2,0,0,1,1
103,117,27,0,1,2,0,0,3,10,0,2132000,2,3,1,0,2,0
104,118,23,0,1,1,1,1,0,33,0,4281000,1,2,0,0,2,1
105,119,36,1,0,1,4,1,0,12,6,2366000,3,2,0,0,1,0
106,120,25,0,1,1,1,1,1,21,5,1835000,3,3,0,0,2,1
107,121,41,0,1,2,7,1,1,24,8,3868000,4,2,0,0,2,0
108,122,24,1,3,2,1,1,1,12,0,1768000,3,3,0,0,1,0
109,123,63,1,3,0,7,1,1,10,6,781000,4,0,0,0,2,0
110,124,27,0,1,2,0,1,3,18,0,1924000,4,3,0,0,1,1
111,125,30,1,3,1,1,1,1,12,6,2121000,4,1,0,0,2,0
112,126,40,1,2,1,1,1,1,12,5,701000,4,3,0,0,1,0
113,127,30,1,3,1,1,1,1,12,7,639000,4,2,0,0,1,1
114,128,34,1,3,1,0,1,1,12,8,1860000,4,2,0,0,2,0
115,129,29,0,1,1,1,1,1,12,6,3499000,3,3,1,0,2,1
116,131,29,1,3,1,1,1,1,36,4,6887000,4,1,0,0,1,1
117,132,27,1,3,1,0,1,1,15,0,2708000,2,1,0,0,2,0
118,133,47,1,3,0,1,1,1,18,0,1984000,4,0,0,0,2,0
119,135,38,0,1,1,7,1,3,12,5,1240000,4,3,0,0,2,0
120,137,66,1,3,1,1,1,0,12,5,766000,4,3,0,0,1,1
121,138,35,1,3,1,4,1,3,15,5,2728000,4,3,0,1,3,0
122,139,44,0,1,2,1,1,1,12,5,1881000,2,2,0,0,1,0
123,140,27,1,2,1,0,0,4,6,6,709000,2,3,0,0,1,0
124,141,30,0,1,1,0,1,1,36,5,4795000,4,0,0,0,1,0
125,142,27,1,3,1,1,1,1,27,5,3416000,3,2,0,0,1,0
126,143,22,1,3,1,1,1,1,18,0,2462000,2,2,0,0,1,1
127,144,23,0,1,1,0,1,1,21,0,2288000,4,1,0,0,1,0
128,145,30,1,3,1,4,1,2,48,1,3566000,4,2,0,0,1,0
129,146,39,0,1,1,7,1,1,6,6,860000,1,0,0,0,2,0
130,147,51,0,1,1,4,1,2,12,6,682000,4,2,0,0,2,0
131,148,28,1,3,1,1,1,1,36,0,5371000,3,1,0,1,2,0
132,149,46,1,3,1,7,1,4,18,5,1582000,4,2,0,0,2,0
133,150,42,1,3,0,7,1,2,6,5,1346000,2,0,0,0,1,0
134,151,38,1,3,1,1,0,1,10,5,1924000,1,1,0,0,1,0
135,152,24,1,3,1,1,1,1,36,5,5848000,4,2,0,0,1,0
136,153,29,0,1,2,7,1,4,24,8,7758000,2,0,0,0,1,0
137,154,36,1,3,2,4,1,2,24,1,6967000,4,2,0,0,1,0
138,155,20,0,1,2,1,1,1,12,0,1282000,2,2,0,0,1,1
139,156,48,1,3,1,7,0,2,9,7,1288000,3,3,0,1,2,0
140,157,45,1,2,1,7,1,1,12,2,339000,4,2,0,0,1,0
141,158,38,1,3,1,4,1,2,24,6,3512000,2,2,0,0,2,0
142,159,34,1,3,1,1,1,3,6,5,1898000,1,3,0,0,2,0
143,160,36,1,3,1,7,1,2,24,5,2872000,3,3,0,0,1,0
144,161,30,0,1,1,0,1,1,18,6,1055000,4,1,0,0,2,0
145,162,36,1,3,1,4,1,0,15,3,1262000,4,1,0,0,2,0
146,163,70,1,3,0,0,1,1,10,6,7308000,2,0,0,0,1,0
147,164,36,1,3,1,7,1,0,36,6,909000,4,1,0,0,1,0
148,165,32,1,3,1,1,1,0,6,0,2978000,1,2,0,0,1,0
149,166,33,0,1,1,0,1,1,18,0,1131000,4,2,0,0,1,1
150,167,20,0,1,1,0,1,4,11,0,1577000,4,3,0,0,1,0
151,168,25,0,1,2,4,1,1,24,0,3972000,2,1,0,0,1,0
152,169,31,1,0,1,7,1,1,24,1,1935000,4,3,0,0,2,1
153,170,33,1,3,2,7,1,1,15,6,950000,4,2,0,0,2,1
154,171,26,0,1,1,1,1,1,12,0,763000,4,3,0,0,1,0
155,172,34,0,1,1,0,1,1,24,0,2064000,3,1,0,0,1,1
156,173,33,1,3,1,1,0,1,8,5,1414000,4,3,0,1,1,0
157,174,26,1,3,1,0,1,1,21,4,3414000,2,1,0,0,2,1
158,175,53,0,1,1,0,1,3,30,8,7485000,4,3,0,0,1,1
159,176,42,1,0,1,1,1,1,12,0,2577000,2,2,0,0,1,0
160,177,52,1,3,1,7,1,0,6,5,338000,4,2,0,0,2,0
161,178,31,1,3,2,4,1,1,12,5,1963000,4,2,0,0,2,0
162,179,65,1,3,1,7,1,1,21,6,571000,4,3,0,0,2,0
163,181,30,1,0,1,1,1,1,36,1,4455000,2,3,0,0,2,1
164,182,40,1,3,1,1,1,3,21,6,1647000,4,1,0,0,2,1
165,183,50,1,3,1,1,1,4,24,0,3777000,4,3,0,0,1,0
166,184,36,1,3,1,7,1,1,18,6,884000,4,2,0,0,1,1
167,185,31,1,3,1,1,1,1,15,5,1360000,4,1,0,0,2,0
168,186,74,0,1,0,7,1,1,9,8,5129000,2,0,0,0,1,1
169,187,68,1,3,0,0,1,1,16,6,1175000,2,2,0,0,3,0
170,188,20,1,2,1,4,1,2,12,5,674000,4,1,0,0,1,1
171,189,33,0,1,1,1,1,1,18,0,3244000,1,2,0,0,2,0
172,190,54,1,3,1,1,1,4,24,1,4591000,2,1,0,0,3,1
173,191,34,1,3,0,4,1,2,48,1,3844000,4,0,0,0,1,1
174,192,36,1,3,1,1,1,1,27,1,3915000,4,2,0,0,1,1
175,193,29,1,2,2,4,1,1,6,5,2108000,2,3,0,0,1,0
176,194,21,1,3,2,1,1,2,45,5,3031000,4,1,0,1,1,1
177,195,34,0,1,1,7,1,1,9,4,1501000,2,2,0,0,2,1
178,196,28,0,1,1,1,1,1,6,5,1382000,1,2,0,0,2,0
179,197,27,0,1,2,0,1,2,12,0,951000,4,2,0,0,4,1
180,198,36,1,3,0,7,1,3,24,8,2760000,4,0,0,0,1,0
181,199,40,1,0,1,7,1,1,18,0,4297000,4,0,0,0,1,1
182,200,52,1,3,1,7,1,0,9,4,936000,4,2,0,0,2,0
183,201,27,1,2,1,1,1,1,12,6,1168000,4,3,0,0,1,0
184,202,26,1,3,1,4,1,1,27,1,5117000,3,2,0,0,2,0
185,203,21,1,2,2,4,1,1,12,2,902000,4,1,0,0,1,1
186,204,38,1,3,1,7,1,1,12,6,1495000,4,3,0,0,2,0
187,206,43,1,3,1,7,1,1,12,0,1935000,4,3,0,0,3,0
188,207,26,1,3,1,4,1,1,12,3,1424000,4,1,0,0,1,0
189,208,21,1,2,1,1,1,1,24,1,6568000,2,2,0,0,1,0
190,209,55,1,3,1,4,0,4,12,8,1413000,3,1,0,0,1,0
191,210,33,1,3,1,1,1,3,9,5,3074000,1,3,0,0,2,0
192,211,45,0,1,1,7,1,3,36,5,3835000,2,3,0,0,1,0
193,212,50,1,3,1,0,1,1,27,1,5293000,2,1,0,0,2,1
194,213,66,1,3,1,7,1,1,30,1,1908000,4,3,0,0,1,1
195,214,51,1,3,1,7,1,3,36,5,3342000,4,2,0,0,1,0
196,215,39,0,1,1,4,1,3,6,2,932000,1,1,0,0,2,0
197,216,31,1,3,1,4,1,1,18,1,3104000,3,1,0,0,1,0
198,217,23,1,3,1,1,1,1,36,5,3913000,2,3,0,0,1,0
199,218,24,1,0,2,1,1,1,24,0,3021000,2,3,0,0,1,0
200,219,64,0,1,1,1,1,1,10,6,1364000,2,2,0,0,1,0
201,220,26,1,2,1,0,1,1,12,5,625000,4,3,0,1,1,0
202,221,23,0,1,2,1,1,3,12,4,1200000,4,1,0,0,1,0
203,222,30,1,3,1,1,1,1,12,5,707000,4,3,0,0,2,0
204,223,32,1,3,1,1,1,3,24,1,2978000,4,3,0,0,2,0
205,224,30,1,3,1,1,1,1,15,8,4657000,3,2,0,0,1,0
206,225,27,1,3,1,1,1,1,36,7,2613000,4,2,0,0,2,0
207,228,22,1,3,1,4,1,1,9,5,1478000,4,2,0,0,1,1
208,229,22,1,3,0,0,1,1,24,0,3149000,4,0,0,0,1,0
209,230,26,1,3,1,1,1,1,36,5,4210000,4,2,0,0,1,1
210,231,51,1,3,0,7,1,0,9,6,2507000,2,0,0,0,1,0
211,232,35,1,3,1,4,1,2,12,5,2141000,3,0,0,0,1,0
212,233,25,1,2,1,1,1,1,18,5,866000,4,3,0,1,1,0
213,234,42,1,3,1,4,1,1,4,5,1544000,2,3,0,0,3,0
214,235,30,1,3,1,0,1,1,24,5,1823000,4,2,0,0,1,1
215,237,61,1,0,2,7,1,2,21,1,2767000,4,2,0,0,2,1
216,238,35,0,1,1,1,1,1,12,5,1291000,4,1,0,0,2,0
217,239,39,1,3,1,7,1,1,30,5,2522000,1,1,0,1,1,0
218,240,29,0,1,1,7,1,3,24,6,915000,4,2,0,0,1,1
219,241,51,1,3,1,4,1,1,6,5,1595000,3,1,0,0,1,0
220,242,24,1,3,0,7,1,1,48,8,4605000,3,0,0,0,2,1
221,243,27,0,1,1,1,1,1,12,1,1185000,3,3,0,0,2,0
222,244,35,0,1,1,1,1,0,12,2,3447000,4,3,0,0,1,0
223,245,25,1,3,1,4,1,1,24,1,1258000,4,3,0,0,1,0
224,246,52,1,3,1,7,1,1,12,5,717000,4,3,0,0,3,0
225,247,35,1,3,2,1,0,2,6,6,1204000,4,0,0,0,1,0
226,248,26,1,3,1,1,1,1,24,0,1925000,2,3,0,0,1,0
227,249,22,0,1,2,0,1,1,18,5,433000,3,3,1,0,1,1
228,250,39,0,1,1,4,1,4,6,6,666000,3,3,0,0,2,0
229,251,46,0,1,1,1,1,1,12,0,2251000,1,2,0,0,1,0
230,252,24,0,1,1,1,1,1,30,6,2150000,4,0,0,1,1,1
231,253,35,1,3,1,1,1,2,24,0,4151000,2,1,0,0,2,0
232,254,24,1,3,1,4,1,3,9,0,2030000,2,2,0,0,1,0
233,255,27,1,3,1,1,1,3,60,5,7418000,1,3,0,0,1,0
234,256,35,1,3,1,1,1,1,24,5,2684000,4,3,0,0,2,0
235,257,29,1,0,0,1,1,1,12,5,2149000,4,0,0,0,1,1
236,258,23,0,1,1,0,1,2,15,8,3812000,1,2,0,0,1,0
237,259,57,0,1,1,0,1,2,11,5,1154000,4,3,0,0,3,0
238,260,27,1,3,1,1,1,1,12,0,1657000,2,3,0,0,1,0
239,261,55,0,1,1,7,1,1,24,5,1603000,4,2,0,0,1,0
240,262,36,1,3,0,7,1,1,18,6,5302000,2,0,0,0,3,0
241,263,57,0,1,0,7,1,1,12,4,2748000,2,0,0,0,3,0
242,264,32,1,3,1,7,0,1,10,6,1231000,3,3,0,0,2,0
243,265,37,1,3,1,7,1,1,15,5,802000,4,2,0,0,1,1
244,266,36,1,3,1,7,1,3,36,1,6304000,4,3,0,0,2,0
245,267,38,0,1,1,0,1,1,24,5,1533000,4,2,0,0,1,0
246,269,25,1,3,1,7,1,3,24,5,999000,4,2,0,0,2,0
247,270,32,1,3,1,4,0,3,18,6,2662000,4,1,0,0,1,0
248,271,37,0,1,2,4,1,0,12,0,1402000,3,2,0,0,1,0
249,273,28,1,3,1,4,1,1,48,5,3060000,4,3,0,0,2,1
250,275,32,1,3,1,1,1,1,9,5,2697000,1,3,0,0,1,0
251,276,26,0,1,1,1,1,1,18,5,2404000,2,2,0,0,2,0
252,277,49,1,0,1,7,1,3,12,0,1262000,2,1,0,0,1,0
253,278,32,0,1,1,0,1,1,6,0,4611000,1,1,0,0,1,1
254,279,29,1,3,2,1,1,2,24,5,1901000,4,2,0,0,1,0
255,280,23,1,3,2,7,1,4,15,8,3368000,3,0,0,0,2,0
256,281,50,1,3,1,1,1,1,12,0,1574000,4,3,0,0,1,0
257,282,49,1,3,1,4,1,3,18,5,1445000,4,2,0,0,1,0
258,283,63,1,3,1,7,1,3,15,0,1520000,4,1,0,0,1,0
259,284,37,1,0,1,0,1,2,24,6,3878000,4,2,0,0,1,0
260,286,26,1,3,1,4,1,1,48,8,4788000,4,1,0,0,1,0
261,288,49,0,1,1,1,1,1,12,5,1092000,4,3,0,1,2,0
262,289,48,1,2,1,0,1,1,24,5,1024000,4,3,0,0,1,1
263,290,26,1,2,1,1,0,1,12,1,1076000,2,3,0,0,1,0
264,292,44,0,1,0,7,1,1,24,8,6419000,2,0,0,0,2,0
265,293,56,1,3,0,7,1,1,42,8,4796000,4,0,0,0,1,0
266,294,46,1,0,1,7,1,3,48,1,7629000,4,2,0,0,2,0
267,296,20,0,1,2,0,1,3,12,8,4675000,1,2,0,0,1,0
268,297,45,1,3,1,7,0,3,10,6,1287000,4,1,1,0,1,0
269,298,43,1,3,1,1,1,1,18,0,2515000,3,3,0,0,1,0
270,299,32,1,3,1,4,1,4,21,0,2745000,3,2,0,0,2,0
271,300,54,0,1,1,0,1,1,6,6,672000,1,3,0,0,1,0
272,301,42,0,1,1,1,1,1,36,5,3804000,4,2,0,0,1,1
273,302,37,1,3,1,4,1,3,24,6,1344000,4,3,0,0,2,1
274,303,49,1,3,1,4,1,1,10,6,1038000,4,1,1,0,2,0
275,305,33,1,0,1,1,1,4,6,0,1543000,4,3,0,0,1,0
276,306,24,0,1,2,4,1,3,30,8,4811000,2,1,0,0,1,0
277,307,33,1,2,1,0,1,2,12,5,727000,4,0,0,0,1,1
278,308,24,0,1,1,1,1,1,8,0,1237000,3,3,0,0,1,1
279,309,22,1,2,2,1,1,1,9,6,276000,4,3,0,0,1,0
280,311,25,1,3,1,1,1,2,24,0,5511000,4,2,0,0,1,0
281,312,26,0,1,1,0,1,1,24,0,3749000,2,2,0,0,1,0
282,313,25,1,2,1,4,1,1,12,6,685000,2,2,0,0,1,1
283,314,29,1,3,1,0,0,3,4,6,1494000,1,3,0,0,1,0
284,315,31,1,3,1,7,1,1,36,0,2746000,4,2,0,0,1,1
285,316,38,1,3,1,1,1,1,12,0,708000,2,1,0,1,1,0
286,317,48,0,1,1,1,1,3,24,0,4351000,1,1,0,0,1,0
287,318,32,1,3,1,1,1,1,12,4,701000,4,2,0,0,2,0
288,319,27,0,1,1,7,1,1,15,0,3643000,1,1,0,0,2,0
289,320,28,1,2,1,0,1,1,30,6,4249000,4,2,0,0,2,1
290,321,32,1,0,1,0,1,1,24,5,1938000,4,1,0,0,1,1
291,322,34,1,3,0,4,1,1,24,8,2910000,2,0,0,0,1,0
292,323,28,1,3,1,1,1,4,18,0,2659000,4,2,0,0,1,0
293,324,36,0,1,1,1,1,1,18,6,1028000,4,3,0,0,2,0
294,325,39,1,3,1,4,0,1,8,6,3398000,1,3,0,0,2,0
295,326,49,1,3,2,7,1,3,12,0,5801000,2,1,0,0,1,0
296,327,34,0,1,1,4,1,4,24,6,1525000,4,2,0,0,1,0
297,328,31,1,3,1,7,1,1,36,5,4473000,4,2,0,0,1,0
298,329,28,1,3,1,7,1,1,6,5,1068000,4,2,0,0,1,0
299,330,75,1,3,0,0,1,1,24,8,6615000,2,0,0,0,2,0
300,331,30,0,1,1,1,1,2,18,4,1864000,4,3,0,0,2,1
301,332,24,0,1,1,0,1,2,60,6,7408000,4,1,0,0,1,1
302,334,23,1,3,2,7,1,1,24,0,4110000,3,0,0,0,2,1
303,335,44,1,0,2,1,1,1,6,0,3384000,1,3,0,0,1,1
304,336,23,0,1,1,0,1,1,13,5,2101000,2,1,0,1,1,0
305,337,24,0,1,2,1,1,3,15,3,1275000,4,2,0,0,1,1
306,338,28,1,3,1,1,1,1,24,0,4169000,4,1,0,0,1,0
307,339,31,1,0,1,1,1,1,10,0,1521000,4,2,0,0,1,0
308,340,24,0,1,0,0,1,1,24,4,5743000,2,0,0,0,2,0
309,341,26,0,1,2,4,1,1,21,0,3599000,1,2,0,0,1,0
310,342,25,1,2,2,0,1,0,18,5,3213000,1,3,0,0,1,0
311,343,33,1,3,1,7,1,1,18,1,4439000,1,3,1,0,1,0
312,344,37,1,3,1,0,1,1,10,6,3949000,1,1,0,1,1,0
313,345,43,0,1,1,1,1,1,15,5,1459000,4,2,0,0,1,0
314,346,23,1,3,1,0,1,1,13,5,882000,4,3,0,1,2,0
315,347,23,0,1,2,0,1,0,24,5,3758000,1,0,0,0,1,0
316,348,34,1,3,1,1,1,2,6,1,1743000,1,3,0,0,2,0
317,349,32,1,3,0,7,1,4,9,4,1136000,4,0,0,0,2,1
318,350,23,0,1,2,0,1,1,9,3,1236000,1,3,0,0,1,0
319,351,29,0,1,1,1,0,1,9,0,959000,1,2,0,0,1,1
320,352,38,1,3,1,0,1,3,18,8,3229000,2,0,0,0,1,0
321,353,28,1,3,2,1,1,1,12,5,6199000,4,1,0,0,2,1
322,354,46,1,3,0,7,1,0,10,4,727000,4,0,0,0,1,0
323,355,23,1,3,1,0,1,1,24,6,1246000,4,3,0,0,1,1
324,356,49,1,3,1,7,1,3,12,5,2331000,1,3,1,0,1,0
325,357,26,1,3,1,1,1,1,36,5,4463000,4,2,0,0,2,1
326,358,28,1,2,1,1,1,1,12,5,776000,4,3,0,0,1,0
327,359,23,0,1,2,4,1,1,30,0,2406000,4,3,0,0,1,1
328,360,61,1,3,0,1,1,3,18,4,1239000,4,0,0,0,1,0
329,361,37,1,3,1,7,1,3,12,5,3399000,2,2,0,0,1,0
330,362,36,0,1,1,1,1,1,12,6,2247000,2,2,0,0,2,0
331,363,21,1,2,2,1,1,1,6,0,1766000,1,1,0,0,1,0
332,364,25,1,3,1,0,1,1,18,0,2473000,4,2,0,0,1,1
333,365,36,1,3,1,4,1,1,12,1,1542000,2,2,0,0,1,0
334,366,27,1,3,1,4,1,1,18,8,3850000,3,2,0,0,2,0
335,367,22,0,1,2,0,1,1,18,0,3650000,1,2,0,0,1,0
336,368,42,1,3,1,7,1,1,36,0,3446000,4,2,0,0,1,1
337,369,40,0,1,2,4,1,1,18,0,3001000,2,3,0,0,1,0
338,370,36,1,3,1,1,1,3,36,6,3079000,4,3,0,0,1,0
339,371,33,1,3,1,7,1,1,18,5,6070000,3,2,0,0,2,0
340,372,23,0,1,2,0,1,1,10,0,2146000,1,3,0,0,2,0
341,375,37,0,1,2,4,1,1,48,1,7685000,2,2,0,1,1,1
342,376,34,1,2,1,0,1,1,18,5,2320000,2,3,0,0,2,0
343,377,36,1,3,0,7,1,3,7,5,846000,3,0,0,0,1,0
344,379,52,0,1,1,1,1,2,6,6,362000,4,2,0,0,2,0
345,380,39,1,3,1,4,1,3,20,0,2212000,4,2,0,0,1,0
346,382,25,0,1,2,4,1,3,22,6,1283000,4,1,0,0,1,0
347,383,26,1,3,1,0,1,1,12,6,1330000,4,3,0,0,1,0
348,384,26,1,3,1,1,1,2,30,1,4272000,2,1,0,0,2,0
349,385,25,0,1,1,1,1,1,18,5,2238000,2,2,0,0,2,0
350,386,21,0,1,2,0,1,3,18,5,1126000,4,3,0,0,1,0
351,387,40,1,3,1,0,1,1,18,0,7374000,4,1,0,0,2,0
352,388,27,1,3,1,1,1,0,15,1,2326000,2,2,0,0,1,0
353,389,27,0,1,1,4,1,1,9,1,1449000,3,2,0,0,2,0
354,390,30,1,2,1,1,1,1,18,6,1820000,2,1,0,0,1,0
355,391,19,0,1,2,0,1,4,12,0,983000,1,3,0,0,1,0
356,392,39,1,3,0,4,1,1,36,6,3249000,2,0,0,0,1,0
357,393,31,0,1,1,4,1,1,6,5,1957000,1,2,0,0,1,0
358,394,31,1,3,1,0,1,1,9,0,2406000,2,2,0,0,1,0
359,396,55,0,1,0,0,1,1,12,0,2578000,3,0,0,0,1,0
360,397,46,1,2,1,1,1,1,36,0,2348000,3,1,0,0,2,0
361,398,46,1,0,2,7,1,1,12,6,1223000,1,3,0,0,2,1
362,399,43,0,1,1,1,1,4,24,5,1516000,4,3,0,0,2,0
363,400,39,1,2,1,0,1,1,18,5,1473000,3,3,0,0,1,0
364,401,28,1,2,1,1,1,3,18,1,1887000,4,3,0,0,2,0
365,403,27,1,3,1,1,1,1,14,6,802000,4,2,0,0,2,0
366,404,43,1,3,1,7,1,3,18,6,2899000,4,2,0,0,1,0
367,405,22,1,2,1,0,1,1,24,5,2039000,1,1,0,0,1,1
368,406,43,1,3,1,4,1,3,24,8,2197000,4,2,0,0,2,0
369,407,27,1,2,1,0,0,1,15,5,1053000,4,3,0,0,1,0
370,408,26,1,0,1,7,1,0,24,5,3235000,3,2,0,0,1,0
371,409,28,1,2,1,4,1,0,12,6,939000,4,3,0,0,3,1
372,410,20,0,1,1,7,1,1,24,5,1967000,4,2,0,0,1,0
373,411,35,1,3,1,4,1,1,33,8,7253000,3,2,0,0,2,0
374,412,42,1,3,1,0,1,1,12,1,2292000,4,2,0,0,2,1
375,413,40,1,3,2,1,0,0,10,6,1597000,3,0,0,0,1,0
376,414,35,0,1,1,1,1,3,24,6,1381000,4,1,0,0,1,1
377,415,35,1,3,1,7,1,1,36,8,5842000,2,1,0,0,2,0
378,416,33,1,3,1,0,1,1,12,6,2579000,4,3,0,0,1,1
379,418,31,0,1,1,4,1,0,21,6,2782000,1,2,0,0,1,0
380,419,33,0,1,1,1,1,3,18,6,1042000,4,1,0,0,1,1
381,420,20,0,1,2,4,1,4,15,6,3186000,2,2,0,0,1,0
382,421,30,1,3,1,1,1,3,12,8,2028000,4,2,0,0,1,0
383,422,47,1,3,1,4,1,1,12,6,958000,2,3,0,0,2,0
384,423,34,1,3,1,4,1,2,21,0,1591000,4,3,0,0,2,0
385,424,25,0,1,1,7,1,3,12,0,2762000,1,1,0,0,1,1
386,425,21,1,2,2,1,1,1,18,8,2779000,1,2,0,0,1,0
387,426,29,1,3,1,7,1,1,28,5,2743000,4,2,0,0,2,0
388,427,46,1,3,1,1,1,4,18,5,1149000,4,3,0,0,2,0
389,428,20,1,3,1,7,1,1,9,0,1313000,1,2,0,0,1,0
390,429,55,0,1,0,0,1,1,18,7,1190000,2,0,0,0,3,1
391,430,74,1,3,1,4,1,1,5,1,3448000,1,3,0,0,1,0
392,432,36,1,3,0,0,1,1,6,0,1872000,4,0,0,0,3,0
393,433,33,1,0,1,1,1,1,24,7,2058000,4,3,0,0,2,0
394,434,25,1,3,1,1,1,1,9,0,2136000,3,3,0,0,1,0
395,435,25,1,2,1,1,1,3,12,5,1484000,2,3,0,0,1,1
396,436,23,1,2,2,4,1,0,6,7,660000,2,3,0,0,1,0
397,437,37,0,1,1,7,1,4,24,6,1287000,4,3,0,0,2,0
398,438,65,1,3,1,0,1,1,42,7,3394000,4,2,1,0,2,0
399,439,26,0,1,1,0,1,1,12,1,609000,4,3,0,0,1,1
400,440,39,1,3,1,7,1,1,12,6,1884000,4,2,0,0,1,0
401,441,30,0,1,1,1,1,1,12,0,1620000,2,1,1,0,1,0
402,443,41,1,3,1,7,1,1,12,4,719000,4,2,0,0,1,1
403,444,30,0,1,1,1,1,1,48,0,5096000,2,2,0,0,1,1
404,445,41,0,1,2,7,1,3,9,4,1244000,4,1,0,0,2,0
405,446,34,0,1,1,0,1,1,36,6,1842000,4,2,0,0,1,1
406,447,35,1,3,1,1,1,1,7,5,2576000,2,3,0,1,1,0
407,448,55,0,1,1,7,1,3,12,0,1424000,3,3,0,0,1,0
408,449,61,1,2,1,1,1,4,15,7,1512000,3,1,0,0,2,1
409,451,29,0,1,1,1,1,1,6,5,518000,3,3,0,0,1,0
410,452,34,1,3,1,7,1,1,12,0,2759000,2,1,0,0,2,0
411,453,35,1,3,1,7,1,1,24,8,2670000,4,2,0,0,1,0
412,454,31,1,3,1,4,1,1,24,6,4817000,2,1,1,0,1,1
413,455,29,0,1,1,0,1,1,24,8,2679000,4,0,0,0,1,0
414,456,36,1,3,2,1,1,1,11,6,3905000,2,3,0,0,2,0
415,457,35,1,3,0,7,1,1,12,8,3386000,3,0,0,0,1,1
416,458,27,0,1,1,0,1,1,6,3,343000,4,3,0,0,1,0
417,459,32,1,3,1,0,1,1,18,5,4594000,3,2,0,0,1,0
418,460,37,1,3,1,1,1,1,36,0,3620000,1,1,0,1,1,0
419,461,36,1,3,1,0,1,1,15,6,1721000,2,3,0,0,1,0
420,462,34,0,1,2,0,1,1,12,0,3017000,3,3,0,0,1,0
421,463,38,1,3,1,7,1,3,12,2,754000,4,1,0,0,2,0
422,464,34,1,3,1,4,1,1,18,1,1950000,4,2,0,0,2,0
423,465,63,1,3,1,1,1,1,24,8,2924000,3,0,0,1,1,0
424,466,29,0,1,2,0,1,1,24,5,1659000,4,2,0,0,1,1
425,467,32,1,3,1,7,1,3,48,5,7238000,3,2,0,0,2,0
426,468,26,0,1,1,1,1,1,33,1,2764000,2,2,0,0,2,0
427,469,35,1,3,1,4,1,1,24,8,4679000,3,2,0,0,2,0
428,470,22,1,2,2,0,1,2,24,5,3092000,3,2,0,0,1,1
429,471,23,0,1,1,0,1,1,6,4,448000,4,1,0,0,1,1
430,472,28,1,3,1,1,1,1,9,6,654000,4,2,0,0,1,1
431,473,36,1,3,1,0,1,3,6,2,1238000,4,1,0,0,1,0
432,474,33,1,2,1,1,1,1,18,5,1245000,4,2,0,0,1,1
433,475,26,0,1,2,0,1,1,18,0,3114000,1,1,0,0,1,1
434,476,24,1,3,1,1,1,0,39,8,2569000,4,2,0,0,1,0
435,477,25,1,3,1,4,1,1,24,5,5152000,4,2,0,0,1,0
436,478,39,1,3,1,4,1,2,12,1,1037000,3,3,0,0,1,0
437,479,44,1,3,1,7,1,1,15,0,1478000,4,2,0,0,2,0
438,480,23,0,1,1,1,1,1,12,5,3573000,1,3,0,0,1,0
439,481,26,1,3,1,0,1,1,24,6,1201000,4,1,0,0,1,0
440,482,57,0,1,2,7,1,4,30,0,3622000,4,1,0,0,2,0
441,483,30,0,1,1,4,1,4,15,0,960000,3,1,0,0,2,0
442,484,44,1,3,1,1,1,0,12,6,1163000,4,3,0,0,1,0
443,485,47,1,3,1,0,1,1,6,6,1209000,4,1,0,0,1,1
444,486,52,1,3,1,1,1,1,12,5,3077000,2,2,0,0,1,0
445,487,62,0,1,0,7,1,1,24,6,3757000,4,0,1,0,1,0
446,488,35,1,3,2,1,0,2,10,6,1418000,3,3,0,0,1,0
447,489,26,1,3,2,1,1,1,6,6,3518000,2,1,0,1,1,0
448,490,26,1,3,1,7,1,1,12,5,1934000,2,0,0,0,2,0
449,492,27,0,1,1,1,1,2,6,5,1237000,1,1,0,0,2,0
450,493,38,1,3,1,7,1,3,6,5,368000,4,1,0,0,1,0
451,494,39,1,3,2,1,0,1,12,6,2122000,3,3,0,0,2,0
452,495,20,1,2,1,1,1,3,24,0,2996000,2,2,0,0,1,1
453,497,40,1,3,1,4,1,1,24,0,1585000,4,1,0,0,2,0
454,498,32,1,2,1,7,1,1,18,5,1301000,4,3,0,1,1,0
455,499,28,1,0,1,7,1,2,6,6,1323000,2,2,0,0,2,0
456,500,27,0,1,1,0,1,1,24,6,3123000,4,1,0,0,1,1
457,501,42,1,3,0,7,1,1,36,8,5493000,2,0,0,0,1,0
458,502,49,1,0,1,7,1,2,9,5,1126000,2,3,0,0,1,0
459,503,38,1,3,1,0,1,2,24,5,1216000,4,0,0,0,2,1
460,504,24,0,1,2,0,1,1,24,6,1207000,4,1,0,0,1,1
461,505,27,1,3,1,1,1,3,10,6,1309000,4,1,0,1,1,1
462,506,36,1,3,1,1,1,0,15,8,2360000,2,2,0,0,1,0
463,507,34,1,3,1,0,1,2,15,6,6850000,1,1,0,0,1,1
464,508,28,1,2,1,1,1,1,24,5,1413000,4,1,0,0,1,0
465,510,26,1,3,1,4,1,1,12,6,759000,4,3,0,0,1,1
466,511,32,1,3,0,1,1,1,36,8,4686000,2,0,0,0,1,0
467,512,26,1,3,2,4,1,1,15,1,2687000,2,1,0,0,1,0
468,513,20,1,2,2,1,1,1,12,5,585000,4,3,1,0,2,0
469,514,54,1,3,1,0,1,3,24,6,2255000,4,1,0,0,1,0
470,515,37,0,1,1,4,0,1,6,6,609000,4,1,0,0,2,0
471,516,40,1,3,1,0,0,1,6,6,1361000,2,3,0,0,1,0
472,517,23,0,1,2,0,1,1,36,0,7127000,2,1,0,0,2,1
473,518,43,1,3,1,7,1,2,6,6,1203000,3,1,0,0,1,0
474,519,36,1,3,0,7,1,3,6,5,700000,4,0,0,0,2,0
475,520,44,1,3,0,7,1,1,24,7,5507000,3,0,0,0,2,0
476,521,24,0,1,1,1,1,1,18,5,3190000,2,3,0,0,1,1
477,522,53,1,3,0,1,1,1,48,0,7119000,3,0,0,0,2,1
478,523,23,0,1,1,4,1,2,24,8,3488000,3,2,0,0,1,0
479,524,26,0,1,1,1,1,1,18,5,1113000,4,3,0,1,1,0
480,526,31,0,1,1,1,1,2,15,4,1532000,4,2,0,0,1,0
481,527,42,1,3,1,4,1,1,4,5,1503000,2,3,0,0,2,0
482,528,31,1,0,2,1,1,1,36,5,2302000,4,2,0,0,1,1
483,529,41,1,3,1,0,1,1,6,6,662000,3,3,0,0,1,0
484,530,32,1,3,1,4,1,1,36,4,2273000,3,2,0,0,2,0
485,531,28,0,1,2,1,1,2,15,6,2631000,2,2,0,0,2,1
486,532,41,1,2,2,1,1,1,12,8,1503000,4,3,0,0,1,0
487,533,26,1,2,1,4,1,2,24,5,1311000,4,1,0,0,1,0
488,534,25,1,3,1,0,1,3,24,5,3105000,4,2,0,0,2,0
489,535,33,1,0,2,0,1,1,21,4,2319000,2,2,0,0,1,1
490,536,75,0,1,1,0,1,3,6,6,1374000,4,1,0,0,1,0
491,537,37,0,1,1,7,1,1,18,0,3612000,3,1,0,0,1,0
492,538,42,1,3,0,7,1,1,48,6,7763000,4,0,0,0,1,1
493,539,45,0,1,1,0,1,1,18,0,3049000,1,1,0,0,1,0
494,540,23,1,2,2,0,1,1,12,5,1534000,1,3,0,0,1,1
495,541,60,1,3,0,7,1,1,24,6,2032000,4,0,0,0,2,0
496,542,31,1,3,1,7,1,3,30,0,6350000,4,1,0,0,1,1
497,543,34,1,3,1,1,1,1,18,0,2864000,2,3,0,0,1,1
498,544,61,1,3,1,7,1,1,12,6,1255000,4,3,0,0,2,0
499,545,43,1,3,0,0,1,1,24,6,1333000,4,3,0,0,2,1
500,546,37,0,1,1,1,1,1,24,6,2022000,4,2,0,0,1,0
501,547,32,1,3,1,4,1,1,24,5,1552000,3,2,0,0,1,0
502,548,24,0,1,1,1,1,1,12,5,626000,4,3,0,0,1,1
503,550,23,0,1,1,4,1,3,12,7,996000,4,3,0,0,2,0
504,551,45,1,3,1,7,1,0,6,5,1750000,2,1,0,0,1,0
505,552,34,1,2,1,4,1,1,48,5,6999000,1,3,0,1,2,1
506,553,27,1,3,1,0,1,2,12,6,1995000,4,2,0,0,1,0
507,554,67,0,1,1,4,1,1,9,4,1199000,4,1,0,0,2,0
508,555,22,1,3,1,0,1,1,12,5,1331000,2,2,0,0,1,1
509,556,28,0,1,1,0,1,2,18,6,2278000,3,2,0,0,2,1
510,557,29,0,1,1,1,1,3,21,6,5003000,1,1,0,0,2,1
511,558,27,1,3,1,4,1,1,24,0,3552000,3,2,0,0,1,1
512,559,31,1,3,1,0,1,1,18,0,1928000,2,3,0,0,2,1
513,560,49,1,3,0,7,1,3,24,8,2964000,4,0,0,0,1,0
514,561,24,1,3,2,4,1,1,24,5,1546000,4,2,0,1,1,1
515,562,29,0,1,1,0,1,1,6,5,683000,2,1,0,0,1,0
516,564,37,1,3,1,1,1,3,24,1,4712000,4,1,0,0,2,0
517,565,23,0,1,2,4,1,2,24,5,1553000,3,1,0,0,2,0
518,566,36,1,0,1,4,1,1,12,6,1372000,2,2,0,0,1,1
519,567,34,1,3,1,7,1,4,24,5,2578000,2,2,0,0,1,0
520,568,41,1,3,1,4,1,3,48,5,3979000,4,2,0,0,2,0
521,569,31,0,1,1,1,1,1,48,5,6758000,3,2,0,0,1,1
522,570,23,0,1,2,0,1,1,24,0,3234000,4,3,0,0,1,1
523,571,38,1,3,1,4,1,1,30,5,5954000,3,2,1,0,1,0
524,572,26,0,1,2,0,1,3,24,8,5433000,2,1,0,0,1,0
525,573,22,0,1,1,1,1,1,15,1,806000,4,1,0,0,1,0
526,574,27,1,3,1,7,1,1,9,5,1082000,4,2,0,0,2,0
527,575,24,0,1,1,4,1,1,15,0,2788000,2,2,1,0,2,0
528,576,27,0,1,1,4,1,1,12,5,2930000,2,3,0,0,1,0
529,577,33,0,1,1,1,1,3,24,4,1927000,3,2,0,0,2,0
530,578,27,1,0,1,0,1,1,36,6,2820000,4,2,0,0,2,1
531,579,27,1,2,1,0,1,1,24,2,937000,4,2,0,0,2,0
532,580,30,1,3,1,7,1,1,18,6,1056000,3,3,0,1,2,1
533,581,49,1,3,1,0,1,1,12,6,3124000,1,3,0,0,2,0
534,582,26,0,1,2,1,1,1,9,0,1388000,4,3,0,0,1,0
535,583,33,1,3,2,0,1,1,36,7,2384000,4,0,0,0,1,1
536,584,52,0,1,0,7,1,3,12,6,2133000,4,0,0,0,1,0
537,585,20,0,1,2,1,1,1,18,0,2039000,1,3,0,0,1,1
538,586,36,1,3,2,1,1,1,9,6,2799000,2,3,0,0,2,0
539,587,21,1,3,1,1,1,1,12,0,1289000,4,1,0,1,1,0
540,588,47,1,2,1,1,1,1,18,3,1217000,4,3,0,0,1,1
541,589,60,1,3,1,7,1,1,12,0,2246000,3,1,0,0,2,1
542,590,58,0,1,1,4,1,1,12,5,385000,4,3,0,0,4,0
543,591,42,0,1,2,1,1,3,24,6,1965000,4,2,0,0,2,0
544,592,36,0,1,1,7,1,4,21,1,1572000,4,3,0,0,1,0
545,593,20,0,1,2,1,1,1,24,6,2718000,3,1,0,0,1,1
546,595,32,0,1,1,0,1,2,6,6,931000,1,1,0,0,1,1
547,596,23,0,1,2,4,1,1,24,6,1442000,4,2,0,0,2,1
548,597,36,1,3,1,1,1,1,24,1,4241000,1,3,0,0,3,1
549,598,31,1,3,1,4,1,1,18,6,2775000,2,1,0,0,2,1
550,599,32,1,3,0,1,1,1,24,1,3863000,1,0,0,0,1,0
551,600,45,0,1,1,0,1,1,7,5,2329000,1,3,0,1,1,0
552,601,30,0,1,1,1,1,1,9,0,918000,4,1,0,0,1,1
553,602,34,0,1,0,4,1,1,24,4,1837000,4,0,0,0,1,1
554,603,28,0,1,1,1,1,1,36,0,3349000,4,2,0,0,1,1
555,604,23,0,1,1,0,1,1,10,0,1275000,4,1,0,0,1,0
556,605,22,1,3,1,1,1,0,24,0,2828000,4,3,0,0,1,0
557,606,74,1,3,1,1,1,1,24,1,4526000,3,3,0,0,1,0
558,607,50,0,1,0,1,1,2,36,5,2671000,4,0,1,0,1,1
559,608,33,1,3,1,0,1,1,18,5,2051000,4,3,0,0,1,0
560,609,45,1,3,0,7,1,3,15,8,1300000,4,0,0,0,1,0
561,610,22,0,1,1,0,1,2,12,3,741000,4,1,0,0,1,1
562,611,48,0,1,0,7,1,2,10,6,1240000,1,0,0,0,1,1
563,612,29,0,1,1,0,1,4,21,5,3357000,4,2,0,0,1,0
564,613,22,0,1,2,1,0,1,24,8,3632000,1,2,0,1,1,0
565,614,22,0,1,1,4,1,1,18,0,1808000,4,3,0,0,1,1
566,617,37,1,3,2,1,1,1,6,6,3676000,1,3,0,0,3,0
567,618,21,0,1,2,1,1,2,30,0,3441000,2,2,1,0,1,1
568,619,49,1,0,1,1,1,1,12,6,640000,4,3,0,0,1,0
569,620,27,1,3,1,4,1,1,21,1,3652000,2,1,0,0,2,0
570,621,32,1,3,1,1,1,1,18,6,1530000,3,1,0,0,2,1
571,622,38,1,0,1,1,1,3,48,1,3914000,4,3,0,0,1,1
572,623,22,0,1,2,0,1,1,12,0,1858000,4,2,0,0,1,0
573,624,65,1,3,0,1,1,1,18,5,2600000,4,0,0,0,2,1
574,625,35,1,3,1,7,1,3,15,5,1979000,4,2,0,0,1,0
575,626,41,1,3,1,1,1,1,6,0,2116000,2,3,0,0,1,0
576,627,29,1,3,1,4,1,2,9,6,1437000,2,0,0,0,1,1
577,628,36,1,3,1,1,1,0,42,0,4042000,4,3,0,0,2,0
578,629,64,1,3,1,7,1,3,9,4,3832000,1,3,0,0,1,0
579,630,28,0,1,1,1,1,1,24,5,3660000,2,2,0,0,1,0
580,631,44,1,3,1,1,1,1,18,0,1553000,4,2,0,0,1,1
581,632,23,1,3,1,0,1,3,15,5,1444000,4,1,0,0,1,0
582,633,19,0,1,2,0,1,1,9,0,1980000,2,2,1,0,2,1
583,634,25,0,1,1,0,1,1,24,6,1355000,3,2,0,0,1,1
584,635,47,1,3,1,7,1,1,12,4,1393000,4,1,0,0,3,0
585,636,28,0,1,1,4,1,0,24,5,1376000,4,2,0,0,1,0
586,638,34,0,1,1,0,1,1,12,5,1493000,4,2,0,0,1,0
587,639,26,1,3,1,4,1,1,42,5,4370000,3,1,0,0,2,1
588,640,27,0,1,1,0,1,1,18,4,750000,4,3,0,0,1,1
589,641,38,1,3,1,7,1,1,15,7,1308000,4,2,0,0,2,0
590,642,40,1,3,1,1,1,2,15,4,4623000,3,1,0,0,1,1
591,643,33,1,2,1,4,1,1,24,5,1851000,4,2,0,1,2,0
592,644,32,1,2,1,4,1,1,18,5,1880000,4,1,0,0,2,0
593,646,32,1,0,1,1,1,1,30,0,4583000,2,3,0,1,2,0
594,647,26,0,1,1,1,1,0,12,6,1386000,2,1,0,0,1,1
595,648,38,1,3,0,4,1,1,24,6,947000,4,0,0,0,1,1
596,649,40,1,3,2,1,1,1,12,4,684000,4,2,0,0,1,1
597,650,50,1,3,0,4,1,1,48,4,7476000,4,0,0,0,1,0
598,651,37,1,3,1,1,1,1,12,0,1922000,4,1,0,0,1,1
599,652,45,1,3,1,7,1,1,24,6,2303000,4,3,1,0,1,1
600,654,35,1,3,1,4,1,1,24,8,2346000,4,2,0,0,2,0
601,655,22,1,3,0,0,1,1,14,6,3973000,1,0,0,0,1,0
602,656,41,1,3,1,7,1,1,12,6,888000,4,2,0,0,1,1
603,658,28,0,1,1,1,1,1,30,1,4221000,2,2,0,0,2,0
604,659,41,1,3,1,7,1,1,18,0,6361000,2,0,0,0,1,0
605,660,23,1,2,2,1,1,1,12,5,1297000,3,3,0,0,1,0
606,661,23,1,2,1,1,1,3,12,6,900000,4,2,0,0,1,1
607,662,50,1,3,1,7,1,1,21,0,2241000,4,3,0,0,2,0
608,663,35,1,3,1,0,1,1,6,0,1050000,4,1,0,0,2,0
609,664,50,0,1,1,1,1,1,6,4,1047000,2,1,0,0,1,0
610,666,34,1,3,1,1,1,4,30,0,3496000,4,2,0,0,1,0
611,667,27,0,1,1,1,1,1,48,1,3609000,1,3,0,0,1,0
612,668,43,1,3,2,7,1,1,12,6,4843000,3,1,1,0,2,1
613,669,47,1,3,1,7,1,1,30,5,3017000,4,1,0,0,1,0
614,670,27,1,3,1,1,1,2,24,1,4139000,3,1,0,0,2,0
615,671,31,1,3,1,4,1,2,36,1,5742000,2,2,0,0,2,0
616,673,24,1,2,1,1,1,0,6,6,2080000,1,2,0,0,1,0
617,674,41,1,3,1,0,1,0,21,1,2580000,4,3,0,0,1,1
618,675,26,0,1,2,4,1,1,30,5,4530000,4,2,0,0,1,0
619,676,33,1,3,1,7,1,1,24,0,5150000,4,2,0,0,1,0
620,677,24,1,2,1,1,1,2,72,5,5595000,2,2,0,0,1,1
621,678,64,1,3,2,7,1,1,24,5,2384000,4,3,0,0,1,0
622,679,26,0,1,1,0,1,1,18,5,1453000,3,3,0,0,1,0
623,680,56,0,1,1,0,1,1,6,4,1538000,1,0,0,0,1,0
624,681,37,1,3,0,1,1,3,12,5,2279000,4,0,0,0,1,0
625,682,33,1,2,1,1,1,1,15,5,1478000,4,3,0,0,2,0
626,683,47,1,2,0,0,1,1,24,5,5103000,3,0,0,0,3,0
627,685,34,1,3,0,1,1,3,60,6,6527000,4,0,0,0,1,0
628,686,27,1,3,1,4,1,3,10,5,1347000,4,1,0,0,2,0
629,687,30,1,3,0,7,1,2,36,6,2862000,4,0,0,0,1,0
630,688,35,1,3,1,7,1,2,9,5,2753000,3,2,1,0,1,0
631,689,31,1,3,1,1,1,4,12,6,3651000,1,1,0,0,1,0
632,690,25,1,0,1,1,1,1,15,0,975000,2,1,0,0,2,0
633,691,25,0,1,1,1,1,2,15,7,2631000,3,3,0,0,1,0
634,692,29,1,3,1,0,1,2,24,5,2896000,2,2,0,0,1,0
635,693,44,1,3,1,0,1,3,6,6,4716000,1,3,0,0,2,0
636,694,28,1,3,1,4,1,1,24,5,2284000,4,2,0,0,1,0
637,695,50,1,3,2,1,1,0,6,8,1236000,2,1,0,0,1,0
638,696,29,1,3,1,4,0,1,12,5,1103000,4,3,0,1,2,0
639,697,38,0,1,1,0,1,1,12,6,926000,1,1,0,0,1,0
640,698,24,1,3,1,1,1,1,18,5,1800000,4,2,0,0,2,0
641,699,40,1,3,2,7,1,1,15,4,1905000,4,2,0,0,1,0
642,700,29,0,1,2,1,1,0,12,0,1123000,4,2,0,0,1,1
643,701,46,1,3,0,7,1,1,48,8,6331000,4,0,0,0,2,1
644,702,47,0,1,0,7,1,2,24,5,1377000,4,0,0,0,1,0
645,703,41,1,3,1,7,1,2,30,1,2503000,4,1,0,0,2,0
646,704,32,0,1,1,0,1,1,27,1,2528000,4,1,0,0,1,0
647,705,35,0,1,0,7,1,0,15,6,5324000,1,0,0,0,1,0
648,706,24,1,3,1,4,1,2,48,6,6560000,3,1,0,0,1,1
649,707,25,0,1,2,0,1,1,12,0,2969000,4,1,0,0,2,1
650,708,25,0,1,1,7,1,1,9,5,1206000,4,3,0,0,1,0
651,709,37,1,3,1,1,1,1,9,5,2118000,2,3,0,0,1,0
652,710,32,1,3,1,7,1,0,18,5,629000,4,1,0,0,2,0
653,711,35,0,1,0,7,1,1,6,4,1198000,4,0,0,0,1,1
654,712,46,1,3,1,7,1,3,21,8,2476000,4,3,0,0,1,0
655,713,25,1,3,1,1,1,1,9,5,1138000,4,3,0,0,2,0
656,715,63,1,3,1,7,1,3,30,8,7596000,1,2,0,0,2,0
657,716,40,1,3,1,7,1,3,30,5,3077000,3,2,0,0,2,0
658,717,32,1,3,0,1,1,1,18,5,1505000,4,0,0,0,1,0
659,718,31,1,3,1,1,1,3,24,5,3148000,3,2,0,0,2,0
660,719,31,1,2,1,7,1,2,20,8,6148000,3,2,0,0,2,0
661,720,34,1,3,1,0,1,1,9,5,1337000,4,2,0,0,2,1
662,721,24,0,1,2,0,1,4,6,4,433000,4,1,0,0,1,1
663,722,24,0,1,1,1,1,1,12,6,1228000,4,3,0,0,1,1
664,723,66,0,1,1,1,1,0,9,5,790000,4,3,0,0,1,0
665,724,21,0,1,2,1,1,1,27,6,2570000,3,3,0,0,1,1
666,725,41,0,1,1,1,1,4,6,6,250000,2,3,0,0,2,0
667,726,47,1,2,1,1,1,0,15,5,1316000,2,1,0,0,2,0
668,727,25,0,1,2,1,1,1,18,5,1882000,4,2,0,0,2,1
669,728,59,0,1,2,7,1,1,48,1,6416000,4,0,0,0,1,1
670,729,36,1,0,1,1,1,4,24,1,1275000,2,3,0,0,2,0
671,730,33,1,3,1,0,1,1,24,5,6403000,1,2,0,0,1,0
672,731,21,1,3,2,1,1,1,24,5,1987000,2,3,0,0,1,1
673,732,44,0,1,1,4,1,1,8,5,760000,4,3,0,1,1,0
674,733,28,0,1,2,1,1,4,24,8,2603000,2,2,0,0,1,0
675,734,37,0,1,1,4,1,1,4,6,3380000,1,3,0,0,1,0
676,735,29,0,1,1,0,1,3,36,3,3990000,3,0,0,0,1,0
677,737,35,1,3,1,1,1,2,18,6,4380000,3,2,0,0,1,0
678,738,45,1,3,1,4,1,1,6,6,6761000,1,0,0,0,2,0
679,739,26,0,1,2,1,1,2,30,1,4280000,4,2,0,0,2,1
680,740,32,1,3,1,4,1,2,24,6,2325000,2,2,0,0,1,0
681,741,23,1,3,1,1,1,1,10,5,1048000,4,3,0,0,1,0
682,742,41,1,3,1,7,1,3,21,5,3160000,4,1,0,0,1,0
683,743,22,1,3,1,1,1,0,24,0,2483000,4,3,0,0,1,0
684,745,28,1,3,1,0,1,1,13,1,1797000,3,1,0,0,2,0
685,746,23,0,1,2,0,1,1,15,6,2511000,1,2,0,0,1,0
686,747,37,0,1,1,0,1,1,12,6,1274000,3,3,0,0,1,1
687,748,26,1,3,1,1,1,3,21,8,5248000,1,2,0,0,1,0
688,749,33,1,3,1,4,1,1,15,8,3029000,2,2,0,0,1,0
689,750,49,0,1,1,7,1,1,6,0,428000,2,1,0,0,1,0
690,751,23,0,1,1,0,1,1,18,6,976000,1,2,0,0,1,1
691,752,23,0,1,2,4,1,2,12,1,841000,2,3,0,0,1,0
692,753,25,0,1,1,4,1,1,30,5,5771000,4,2,0,0,2,0
693,754,55,1,3,0,7,1,4,12,7,1555000,4,0,0,0,2,1
694,755,32,0,1,2,4,1,3,24,6,1285000,4,0,0,0,1,1
695,756,74,1,3,1,1,0,1,6,6,1299000,1,3,0,0,3,0
696,757,39,1,3,0,1,1,3,15,5,1271000,3,0,0,0,2,1
697,758,31,1,3,1,1,1,1,24,6,1393000,2,3,0,1,1,0
698,759,35,1,3,1,7,1,1,12,6,691000,4,1,0,0,2,1
699,760,59,0,1,1,7,1,3,15,6,5045000,1,2,0,0,1,0
700,761,24,0,1,2,1,1,1,18,0,2124000,4,3,0,0,2,1
701,762,24,1,3,1,1,1,1,12,5,2214000,4,1,0,0,1,0
702,764,27,1,2,1,4,1,2,24,6,2463000,4,1,0,0,2,0
703,765,40,1,2,1,7,1,1,12,5,1155000,3,3,0,1,2,0
704,766,31,1,0,1,0,1,1,30,0,3108000,2,1,0,0,1,1
705,767,31,0,1,2,0,1,3,10,8,2901000,1,3,0,0,1,0
706,768,28,1,3,2,7,1,1,12,0,3617000,1,2,0,0,3,0
707,769,63,1,3,1,7,1,1,12,5,1655000,2,3,0,0,2,0
708,770,26,0,1,2,7,1,3,24,8,2812000,2,3,0,0,1,0
709,772,36,1,3,1,7,1,1,21,8,3275000,1,2,0,0,1,0
710,773,52,1,3,1,7,1,2,24,5,2223000,4,1,0,0,2,0
711,774,66,1,3,0,0,1,0,12,6,1480000,2,0,0,0,3,0
712,775,25,0,1,2,1,1,3,24,6,1371000,4,3,0,0,1,1
713,776,37,1,3,1,4,1,1,36,6,3535000,4,2,0,0,2,0
714,777,25,0,1,1,4,1,1,18,5,3509000,4,3,0,1,1,0
715,778,38,1,3,1,7,1,4,36,8,5711000,4,2,0,0,2,0
716,779,67,0,1,1,0,1,1,18,7,3872000,2,2,0,0,1,0
717,780,25,1,3,1,4,1,1,39,5,4933000,2,3,0,1,2,1
718,781,60,1,3,1,7,1,4,24,6,1940000,4,3,0,0,1,0
719,782,31,1,3,1,1,1,1,12,2,1410000,2,3,0,0,1,0
720,783,23,0,1,1,0,1,2,12,6,836000,4,1,0,0,1,1
721,784,60,1,0,1,0,1,3,20,8,6468000,1,3,0,0,1,0
722,785,35,1,3,1,1,1,4,18,1,1941000,4,1,0,0,1,0
723,786,40,1,3,1,7,1,0,22,5,2675000,3,2,0,0,1,0
724,787,38,1,3,1,7,1,3,48,8,2751000,4,2,0,0,2,0
725,788,50,1,3,0,7,1,1,48,4,6224000,4,0,0,0,1,1
726,789,27,1,3,1,1,1,1,40,4,5998000,4,0,0,0,1,1
727,790,39,0,1,1,7,1,1,21,1,1188000,2,1,0,0,1,1
728,791,41,1,3,1,7,1,3,24,8,6313000,3,2,0,0,1,0
729,792,27,1,2,1,1,1,3,6,0,1221000,1,1,0,0,2,0
730,793,51,1,0,0,7,1,1,24,0,2892000,3,0,0,0,1,0
731,794,32,1,3,2,7,1,0,24,0,3062000,4,0,0,0,1,0
732,795,22,0,1,2,0,1,2,9,0,2301000,2,1,0,0,1,0
733,796,51,1,3,0,7,1,3,18,8,7511000,1,1,0,0,1,1
734,797,22,0,1,2,0,1,1,12,0,1258000,2,1,0,0,2,0
735,798,54,1,2,1,7,1,3,24,6,717000,4,2,0,0,2,0
736,799,35,1,3,1,0,1,3,9,6,1549000,4,3,0,0,1,0
737,800,54,1,3,0,7,1,1,24,4,1597000,4,0,0,0,2,0
738,801,48,0,1,2,7,1,1,18,5,1795000,3,3,0,1,2,0
739,802,24,0,1,1,7,1,1,20,0,4272000,1,1,0,0,2,0
740,803,35,1,3,1,7,1,3,12,5,976000,4,2,0,0,2,0
741,804,24,0,1,2,0,1,3,12,6,7472000,1,3,0,0,1,0
742,806,26,1,2,1,0,0,1,6,5,590000,3,3,0,0,1,0
743,807,65,1,3,1,7,1,3,12,5,930000,4,3,0,0,4,0
744,809,26,0,1,2,0,1,1,15,6,1778000,2,3,0,0,2,1
745,810,26,1,2,1,0,1,1,8,1,907000,3,3,0,0,1,0
746,811,28,1,2,1,4,1,1,6,5,484000,3,3,0,1,1,0
747,813,54,1,3,1,1,1,1,48,3,3051000,3,2,0,0,1,1
748,814,46,1,3,0,4,1,1,48,6,3931000,4,0,0,0,1,1
749,815,54,0,1,2,1,1,1,36,6,7432000,2,1,0,0,1,0
750,816,62,1,0,1,1,1,0,6,3,1338000,1,3,0,0,1,0
751,817,24,0,1,2,4,1,1,6,5,1554000,1,2,0,0,2,0
752,819,26,1,2,1,1,1,1,18,5,1345000,4,3,0,0,1,1
753,820,27,1,2,1,1,1,1,12,6,1101000,3,3,0,0,2,0
754,821,24,1,2,1,1,1,1,12,5,3016000,3,2,0,0,1,0
755,822,41,1,3,1,7,1,1,36,0,2712000,2,1,0,0,1,1
756,823,47,1,3,1,7,1,1,8,6,731000,4,3,0,0,2,0
757,824,35,1,0,1,0,1,1,18,0,3780000,3,2,0,0,2,0
758,825,30,1,2,1,7,1,1,21,6,1602000,4,2,0,0,2,0
759,826,33,0,1,2,7,1,1,18,6,3966000,1,3,0,0,3,1
760,827,36,1,3,1,1,1,1,18,1,4165000,2,2,0,0,2,1
761,829,38,1,3,0,1,1,3,48,1,6681000,4,0,0,0,1,0
762,830,44,1,3,1,1,1,0,24,1,2375000,4,2,0,0,2,0
763,831,23,0,1,2,0,1,1,18,6,1216000,4,2,0,0,1,1
764,833,42,0,1,1,7,1,3,24,5,5084000,2,2,0,0,1,0
765,834,25,0,1,1,0,1,1,15,5,2327000,2,3,0,0,1,1
766,835,48,1,3,1,1,1,1,12,6,1082000,4,2,0,0,2,1
767,836,21,0,1,1,1,1,3,12,5,886000,4,2,0,0,1,0
768,837,23,0,1,2,0,1,1,4,0,601000,1,3,0,0,1,0
769,838,63,1,3,1,7,1,1,24,8,2957000,4,1,0,0,2,0
770,839,46,1,2,1,7,1,1,24,5,2611000,4,3,1,0,2,0
771,840,29,1,3,1,4,1,1,36,0,5179000,4,1,0,0,1,1
772,841,28,1,3,1,1,1,1,21,8,2993000,3,3,0,0,2,0
773,842,23,0,1,1,0,1,1,18,7,1943000,4,3,0,0,1,1
774,843,50,1,3,1,4,1,1,24,1,1559000,4,2,0,0,1,0
775,844,47,1,3,1,7,1,1,18,0,3422000,4,1,0,0,3,0
776,845,35,1,3,1,4,1,3,21,0,3976000,2,2,0,0,1,0
777,846,68,1,3,2,1,1,3,18,6,6761000,2,2,0,0,2,1
778,847,28,1,2,1,0,1,1,24,6,1249000,4,3,0,0,1,0
779,848,59,1,3,1,4,1,1,9,5,1364000,3,3,0,0,1,0
780,849,57,1,3,1,7,1,1,12,5,709000,4,3,0,0,1,1
781,850,33,1,2,2,1,0,1,20,6,2235000,4,1,0,1,2,1
782,851,43,1,3,1,4,1,3,24,8,4042000,3,1,0,0,2,0
783,852,35,1,3,0,1,1,1,15,5,1471000,4,0,0,0,2,0
784,853,32,1,3,0,4,1,1,18,6,1442000,4,0,0,0,2,1
785,855,33,1,2,1,0,1,2,24,6,1474000,4,3,0,0,1,0
786,856,40,0,1,1,4,1,3,10,2,894000,4,1,0,0,1,0
787,857,28,1,3,0,1,1,1,15,0,3343000,4,0,0,0,1,0
788,858,29,0,1,1,1,1,1,15,6,3959000,3,1,0,0,1,1
789,859,26,1,3,2,1,0,2,9,6,3577000,1,3,0,1,1,0
790,860,27,1,3,1,1,1,4,24,8,5804000,4,3,0,0,2,0
791,861,28,1,2,1,1,1,1,18,1,2169000,4,2,0,0,1,1
792,862,35,0,1,1,0,1,1,24,5,2439000,4,3,0,0,1,1
793,863,32,1,3,1,0,1,4,27,0,4526000,4,3,0,0,2,0
794,864,25,1,3,2,1,1,1,10,0,2210000,2,3,0,0,1,1
795,865,20,0,1,2,1,1,0,15,0,2221000,2,2,0,0,1,0
796,866,27,0,1,1,0,1,1,18,5,2389000,4,2,0,0,1,0
797,867,42,1,3,1,7,1,1,12,0,3331000,2,1,0,0,1,0
798,868,37,1,3,1,7,1,3,36,1,7409000,3,1,0,0,2,0
799,869,24,0,1,2,7,1,1,12,0,652000,4,1,0,0,1,0
800,870,40,0,1,1,4,1,0,36,0,7678000,2,2,0,0,2,0
801,871,46,1,3,1,7,0,1,6,6,1343000,1,3,0,0,2,0
802,872,26,1,3,1,4,1,2,24,1,1382000,4,3,0,0,2,0
803,873,24,0,1,1,0,1,3,15,3,874000,4,3,0,0,1,0
804,874,29,1,3,1,1,1,1,12,0,3590000,2,1,1,0,1,0
805,875,40,0,1,1,1,1,4,11,6,1322000,4,2,0,0,2,0
806,876,36,1,3,0,0,1,1,18,5,1940000,3,0,1,0,1,0
807,877,28,1,3,1,7,1,1,36,5,3595000,4,2,0,0,1,0
808,878,27,1,3,0,0,1,1,9,6,1422000,3,0,0,0,1,1
809,879,36,1,3,1,4,1,3,30,5,6742000,2,1,0,0,2,0
810,880,38,1,3,1,4,1,1,24,8,7814000,3,2,0,0,1,0
811,882,36,1,3,1,7,1,3,30,6,2181000,4,3,0,0,2,0
812,883,65,0,1,1,0,1,1,18,5,1098000,4,2,0,0,2,0
813,884,43,1,0,1,4,1,1,24,0,4057000,3,2,0,0,1,1
814,885,53,0,1,1,0,1,1,12,4,795000,4,1,0,0,1,1
815,886,34,1,3,1,4,1,3,24,1,2825000,4,0,0,0,2,0
816,888,34,1,3,1,7,1,1,36,6,6614000,4,2,0,0,2,0
817,889,40,1,3,2,0,1,3,28,8,7824000,3,3,0,1,2,0
818,890,43,1,3,1,7,1,1,27,1,2442000,4,2,0,0,4,0
819,891,46,1,3,1,7,1,1,15,5,1829000,4,2,0,0,2,0
820,892,38,1,3,1,1,0,1,12,6,2171000,4,1,0,0,2,0
821,893,34,1,3,1,1,1,1,36,8,5800000,3,2,0,0,2,0
822,894,29,1,3,1,1,1,3,18,5,1169000,4,1,0,0,2,0
823,896,28,0,1,2,0,1,1,21,5,2606000,4,1,0,0,1,0
824,897,35,0,1,1,4,0,4,12,0,1592000,3,1,0,0,1,0
825,898,33,0,1,2,4,1,3,15,0,2186000,1,3,0,0,1,0
826,899,42,1,3,1,1,1,1,18,0,4153000,2,2,1,0,1,1
827,900,43,1,3,2,7,1,1,16,6,2625000,2,1,0,1,1,1
828,901,44,1,0,1,0,1,3,20,6,3485000,2,3,0,0,2,0
829,903,40,1,2,2,1,1,3,15,5,1386000,4,3,0,0,1,0
830,904,36,1,3,1,7,1,1,24,5,1278000,4,3,0,0,1,0
831,905,20,1,3,2,1,1,1,12,5,1107000,2,3,0,0,1,0
832,906,24,1,3,1,4,0,3,21,6,3763000,2,3,1,0,1,0
833,907,27,1,2,1,1,1,3,36,4,3711000,2,2,0,0,1,0
834,908,46,0,1,1,0,1,1,15,8,3594000,1,1,0,0,2,0
835,909,33,0,1,1,1,1,3,9,6,3195000,1,3,0,0,1,0
836,910,34,0,1,1,1,1,1,36,5,4454000,4,3,0,0,2,0
837,911,25,0,1,1,0,1,1,24,0,4736000,2,2,0,0,1,1
838,912,25,0,1,1,7,1,3,30,5,2991000,2,2,0,0,1,0
839,913,28,1,0,1,7,1,4,11,1,2142000,1,3,0,0,1,0
840,914,31,1,3,2,1,1,1,24,1,3161000,4,1,0,0,1,1
841,916,32,1,3,1,1,1,2,10,8,2848000,1,3,1,0,1,0
842,918,33,1,0,1,0,1,2,24,0,2359000,1,1,0,0,1,1
843,919,39,1,3,2,7,1,1,24,0,3345000,4,1,0,0,1,1
844,920,28,0,1,1,1,1,1,18,0,1817000,4,0,0,0,2,0
845,922,22,0,1,2,0,1,1,9,5,1366000,3,1,0,0,1,1
846,923,30,1,3,2,4,1,1,12,6,2002000,3,1,0,0,1,0
847,924,55,1,0,1,0,1,1,24,0,6872000,2,1,0,0,1,1
848,925,46,1,3,1,0,1,1,12,6,697000,4,2,0,0,2,1
849,926,21,0,1,2,0,1,1,18,0,1049000,4,1,0,0,1,0
850,928,58,1,3,1,7,1,3,30,5,1867000,4,2,0,0,1,0
851,929,43,1,3,1,1,1,1,12,6,1344000,4,3,0,0,2,0
852,930,24,1,3,1,0,0,1,24,0,1747000,4,1,1,0,1,0
853,931,22,0,1,1,0,1,1,9,5,1670000,4,2,0,0,1,1
854,932,30,1,3,1,1,1,1,9,6,1224000,3,3,0,0,2,0
855,933,42,1,3,1,7,1,0,12,5,522000,4,1,0,0,2,0
856,934,23,0,1,1,1,1,1,12,5,1498000,4,2,0,0,1,0
857,935,30,1,3,1,0,1,2,30,5,1919000,4,0,0,0,2,1
858,936,28,0,1,1,1,1,1,9,5,745000,3,3,0,0,1,1
859,937,30,1,2,2,0,1,1,6,5,2063000,4,2,0,0,1,0
860,938,42,1,3,0,1,1,1,60,4,6288000,4,0,0,0,1,1
861,939,46,1,3,1,1,1,3,24,8,6842000,2,1,0,0,2,0
862,940,45,1,3,1,0,1,3,12,6,3527000,2,1,0,0,1,0
863,941,31,1,3,1,1,0,1,10,6,1546000,3,3,0,0,1,0
864,942,31,1,3,1,4,1,3,24,0,929000,4,2,0,0,1,0
865,943,42,1,3,1,4,1,1,4,6,1455000,2,3,0,0,3,0
866,944,46,0,1,2,0,1,1,15,0,1845000,4,1,0,1,1,0
867,946,30,1,3,0,0,1,0,24,0,3349000,4,0,0,0,1,1
868,947,38,1,3,1,0,1,3,12,6,2859000,4,0,0,0,1,0
869,948,43,1,2,1,0,1,1,18,0,1533000,4,1,1,0,1,1
870,949,31,1,3,1,7,1,2,24,5,3621000,2,2,0,0,2,1
871,950,40,1,2,1,0,1,1,18,1,3590000,3,2,0,0,3,0
872,951,24,1,3,1,4,1,1,36,1,2145000,2,2,0,0,2,1
873,952,28,0,1,2,0,1,0,24,8,4113000,3,2,0,0,1,1
874,954,29,0,1,1,1,1,1,12,6,1893000,4,1,0,1,1,0
875,955,57,0,1,2,7,1,4,24,5,1231000,4,1,0,0,2,0
876,956,49,1,3,1,7,1,3,30,5,3656000,4,1,0,0,2,0
877,957,37,1,3,1,7,1,1,9,5,1154000,2,3,0,0,3,0
878,958,45,1,3,1,1,1,1,28,6,4006000,3,2,0,0,1,1
879,959,30,1,3,0,7,1,2,24,0,3069000,4,0,0,0,1,0
880,960,30,1,2,2,7,1,1,6,5,1740000,2,3,0,0,2,0
881,961,47,1,0,1,1,1,1,21,6,2353000,1,1,0,0,2,0
882,962,29,1,3,1,1,1,3,15,6,3556000,3,0,0,0,1,0
883,963,35,1,3,1,7,1,0,24,5,2397000,3,2,0,0,2,1
884,964,22,1,2,1,0,1,1,6,7,454000,3,1,0,0,1,0
885,965,26,0,1,1,1,1,3,30,5,1715000,4,2,0,0,1,0
886,966,23,1,3,1,1,1,0,27,5,2520000,4,1,0,0,2,1
887,967,54,0,1,2,7,1,1,15,5,3568000,4,2,0,0,1,0
888,968,29,1,2,2,4,1,3,42,5,7166000,2,1,0,0,1,0
889,969,40,1,3,1,1,1,1,11,6,3939000,1,3,0,0,2,0
890,970,22,1,3,1,1,1,2,15,7,1514000,4,3,0,1,1,0
891,971,43,1,3,1,1,1,1,24,6,7393000,1,1,0,0,1,0
892,972,29,0,1,2,0,1,1,24,6,1193000,1,0,1,0,2,1
893,973,36,1,3,2,7,1,1,60,1,7297000,4,0,1,0,1,1
894,974,33,0,1,1,1,1,1,30,5,2831000,4,2,0,0,1,0
895,975,57,0,1,1,1,1,0,24,5,1258000,3,2,0,0,1,0
896,976,64,0,1,1,1,1,1,6,5,753000,2,3,0,1,1,0
897,977,42,1,3,1,7,1,3,18,1,2427000,4,1,0,0,2,0
898,978,47,1,3,1,7,1,1,24,6,2538000,4,2,0,0,2,1
899,979,25,1,2,2,1,1,2,15,6,1264000,2,1,0,0,1,1
900,981,33,1,3,2,0,1,1,48,1,4844000,3,2,0,0,1,1
901,982,28,0,1,1,1,1,2,21,6,2923000,1,2,0,0,1,0
902,984,30,1,3,1,4,1,1,24,0,2028000,2,1,0,0,2,0
903,985,25,0,1,2,1,1,1,15,0,1433000,4,1,0,0,2,0
904,986,33,1,0,1,0,1,1,42,1,6289000,2,1,0,0,2,0
905,987,64,0,1,1,0,1,2,13,5,1409000,2,3,0,0,1,0
906,988,29,1,3,0,0,1,1,24,8,6579000,4,0,0,0,1,0
907,989,48,1,3,1,7,1,1,24,5,1743000,4,1,0,0,2,0
908,990,37,1,3,1,0,1,3,12,4,3565000,2,1,0,0,2,0
909,991,34,1,3,1,7,1,2,15,5,1569000,4,2,0,0,1,0
910,992,23,1,2,2,4,1,3,18,5,1936000,2,2,0,0,2,0
911,993,30,1,3,1,0,1,1,36,0,3959000,4,1,0,0,1,0
912,994,50,1,3,1,7,1,3,12,6,2390000,4,2,0,0,1,0
913,995,31,0,1,1,4,1,1,12,0,1736000,3,3,0,0,1,0
914,996,40,1,0,1,1,1,1,30,8,3857000,4,1,0,0,1,0
915,997,38,1,3,1,7,1,1,12,5,804000,4,2,0,0,1,0
916,998,23,1,3,0,1,1,1,45,5,1845000,4,0,0,0,1,1
917,999,27,1,3,1,0,1,2,45,8,4576000,3,2,0,0,1,0
